PassengerId,Survived_Prob
892,0.0902653889027318
893,0.3408477312688274
894,0.11160919637206937
895,0.27209352761768996
896,0.8539346570653541
897,0.10160704230293016
898,0.4821660512630666
899,0.06524477315214015
900,0.8203892179554191
901,0.05569875266923603
902,0.07891772576056026
903,0.13299013664194037
904,0.9811228920348054
905,0.07018937658416004
906,0.9565877718074953
907,0.91130494849227
908,0.10280275811602202
909,0.21041790066758026
910,0.23620625129968853
911,0.5154603814566749
912,0.18211828330824206
913,0.6475361206927995
914,0.93994137936662
915,0.25984357087532883
916,0.9043205233689711
917,0.044393053924642156
918,0.964645517111084
919,0.22575302353253052
920,0.46340995192406653
921,0.09203741589903816
922,0.07009294349863694
923,0.07357615213347501
924,0.8560572475893916
925,0.30600915579087995
926,0.4060433333941947
927,0.16690381560537398
928,0.49962382132838457
929,0.22389338877557308
930,0.08313872619123369
931,0.6133870860576545
932,0.0839627274619606
933,0.5010789089186076
934,0.09827829973384271
935,0.9467026701775417
936,0.9866854776060426
937,0.08864829370926164
938,0.3873338846360103
939,0.10301807090846822
940,0.9799327784066121
941,0.8307668090474982
942,0.43912920485895046
943,0.10924351264036376
944,0.9524409987326505
945,0.8689217419522342
946,0.14667816048555019
947,0.040704088294502075
948,0.0676597500448104
949,0.1198058674162544
950,0.08961813265352683
951,0.9527338984509661
952,0.09269962708241505
953,0.1421231513731222
954,0.08643950522380149
955,0.7312649776202521
956,0.7141832970641488
957,0.9469809230243712
958,0.8046054212451345
959,0.11522832784197395
960,0.42329582191021037
961,0.820951848305
962,0.697269684787803
963,0.08488702995059313
964,0.556143924585052
965,0.562478141900072
966,0.8956183726698401
967,0.2121818921485918
968,0.08891905955450156
969,0.8930519475690841
970,0.14559592757692613
971,0.697269684787803
972,0.6493949942808461
973,0.127199671515856
974,0.1384387212385097
975,0.07891772576056026
976,0.10904054416290512
977,0.07918913352660077
978,0.7410635809545103
979,0.49962382132838457
980,0.7701967965137003
981,0.9514607283629866
982,0.7323747069473893
983,0.1243638195692505
984,0.8871812077603468
985,0.08891905955450156
986,0.3271422742733039
987,0.09707221702822763
988,0.9155436461274847
989,0.20491576279231677
990,0.6311234669967176
991,0.1028194333892181
992,0.9696628126983828
993,0.09147399162121864
994,0.10301807090846822
995,0.1243638195692505
996,0.8629083232994017
997,0.08936294815449994
998,0.11079267219523202
999,0.10301807090846822
1000,0.08643796402449365
1001,0.2614203559963112
1002,0.17372847596667745
1003,0.8055171894112004
1004,0.9343855467357285
1005,0.6502978811752774
1006,0.9074149017151518
1007,0.08067322036739126
1008,0.10462128436956061
1009,0.8961938892746497
1010,0.26820901454171314
1011,0.8310577873620366
1012,0.9509653885386895
1013,0.07255082117340941
1014,0.9783853880118978
1015,0.09317134243626451
1016,0.10301807090846822
1017,0.21154994822429987
1018,0.10948092526720049
1019,0.8947783658408566
1020,0.19691770325190147
1021,0.08344800348814208
1022,0.14858469423463896
1023,0.367840302302585
1024,0.11623583604376667
1025,0.09850449866691706
1026,0.08862833579174005
1027,0.08961991609224026
1028,0.16762925353382957
1029,0.08201113219512625
1030,0.42408503131504205
1031,0.05790305226789643
1032,0.05867544867923016
1033,0.9468905226256825
1034,0.2491300117423637
1035,0.06144858890926042
1036,0.3463669436796334
1037,0.06989179365623678
1038,0.1930241196036756
1039,0.08457378426895247
1040,0.3591848893179579
1041,0.11874216616357991
1042,0.9573225628111377
1043,0.09985618856105455
1044,0.10208312056205127
1045,0.5796982346739535
1046,0.3481917188286798
1047,0.10638121111741514
1048,0.8989821538543156
1049,0.5493804217319352
1050,0.4940987466773632
1051,0.6866154017957727
1052,0.7794714907682649
1053,0.9336046840300711
1054,0.8518312671893358
1055,0.09936077812896153
1056,0.1579390018142338
1057,0.8615931538830786
1058,0.2189014307696137
1059,0.03019301926620377
1060,0.9294751314966595
1061,0.4235341638549355
1062,0.08601911259619319
1063,0.22510318945867466
1064,0.09244520988959792
1065,0.11809063973378672
1066,0.11941424738849848
1067,0.9607432309579388
1068,0.9597717313265343
1069,0.26607958090044337
1070,0.9345917934062149
1071,0.9501396278943861
1072,0.14559592757692613
1073,0.5430427831764999
1074,0.9598002451854795
1075,0.10301807090846822
1076,0.9747000214026837
1077,0.17691613189875133
1078,0.9096050671904603
1079,0.10674312810304157
1080,0.05079777534550969
1081,0.22808370950599755
1082,0.09590778481132461
1083,0.14798905602537957
1084,0.48933548827869655
1085,0.10249272505190743
1086,0.935188184665548
1087,0.11151809879513212
1088,0.8917386114065864
1089,0.5352525221194011
1090,0.0788234531447661
1091,0.629523784597839
1092,0.8728189006943577
1093,0.7107190961278211
1094,0.4666817488026383
1095,0.9746415762205765
1096,0.07789759556567429
1097,0.14159259339793584
1098,0.49295513228815074
1099,0.0817785011101881
1100,0.9460190082615
1101,0.07567435223417751
1102,0.11142762139617499
1103,0.09257032117629271
1104,0.09604479635382121
1105,0.8142699233448871
1106,0.3512729203536461
1107,0.21503320541364568
1108,0.8046054212451345
1109,0.17115669859769997
1110,0.8797807514351197
1111,0.08891905955450156
1112,0.9457432313142644
1113,0.09456434692655846
1114,0.9390963770337113
1115,0.18030112341460863
1116,0.9157421835884119
1117,0.8658214400002091
1118,0.10343626517750694
1119,0.7701967965137003
1120,0.07262027753240644
1121,0.08200650583157477
1122,0.19793555680271346
1123,0.9432840419935096
1124,0.07425089285263313
1125,0.08754065129100524
1126,0.4589585999827446
1127,0.11144452796738834
1128,0.3586442820518078
1129,0.2526663072026296
1130,0.912460901061207
1131,0.9750397811885138
1132,0.9082553189395487
1133,0.9538923695259518
1134,0.3603626784172086
1135,0.08344457846523944
1136,0.5833653004160652
1137,0.5212159184001972
1138,0.9428592372116074
1139,0.05860398660458407
1140,0.8310577873620366
1141,0.6023616509743167
1142,0.9701902159109932
1143,0.11110046848312125
1144,0.3071983117286747
1145,0.07962340876624331
1146,0.18684110463165737
1147,0.08601911259619319
1148,0.10301807090846822
1149,0.11904428450754359
1150,0.9090104586359267
1151,0.09635184119143203
1152,0.0769563329059668
1153,0.1392604810867003
1154,0.9605704998724495
1155,0.79544160774577
1156,0.20409387720843647
1157,0.07891772576056026
1158,0.10068909749201153
1159,0.08601911259619319
1160,0.49962382132838457
1161,0.09268447734157984
1162,0.20515057396714598
1163,0.10301807090846822
1164,0.9774551493325438
1165,0.4594173682674303
1166,0.10608559445022872
1167,0.8174301721249664
1168,0.0823258646997193
1169,0.10656187682693938
1170,0.06696653713374379
1171,0.08601008694893092
1172,0.22042069050076513
1173,0.8586460016722126
1174,0.7701967965137003
1175,0.9029322897578198
1176,0.36242063806002894
1177,0.062435500737053076
1178,0.0853415116848299
1179,0.31315713006209567
1180,0.15141831015047819
1181,0.08891905955450156
1182,0.16704072838246892
1183,0.46823061252126336
1184,0.11809063973378672
1185,0.45116669104218865
1186,0.11207609072506197
1187,0.07891772576056026
1188,0.9713055684871739
1189,0.09203741589903816
1190,0.23861475005979818
1191,0.1621713446817654
1192,0.10642084659848386
1193,0.3948357341555938
1194,0.055087994057513995
1195,0.08181690415738976
1196,0.7701967965137003
1197,0.8979670599999745
1198,0.23380497625121816
1199,0.9244178695349642
1200,0.27313844638221596
1201,0.248908300642704
1202,0.06583092258084695
1203,0.23909135111816568
1204,0.08727101867215245
1205,0.5798537116374549
1206,0.9603680996197057
1207,0.782931510270208
1208,0.3789688327485663
1209,0.15819516669847739
1210,0.2686033284862256
1211,0.07455271375822484
1212,0.1243638195692505
1213,0.1551077728005858
1214,0.20307425696160142
1215,0.4719114610936446
1216,0.955499019378138
1217,0.11374118851553455
1218,0.9543489888960578
1219,0.16550654437463463
1220,0.10704750845691319
1221,0.09034378685471386
1222,0.9614080341108673
1223,0.509558500684452
1224,0.10608559445022872
1225,0.8810542412109518
1226,0.09653118923955137
1227,0.26949360985100235
1228,0.15429232114989067
1229,0.05906754462174671
1230,0.09288006820521125
1231,0.6990682592099857
1232,0.11942056768589504
1233,0.09056356411322473
1234,0.10897329986498629
1235,0.9507463805213352
1236,0.5818932948284734
1237,0.6294552981589331
1238,0.08201113219512625
1239,0.5866651624185824
1240,0.08315579997222
1241,0.9500502796030598
1242,0.9813137073497129
1243,0.07789759556567429
1244,0.09128577747480558
1245,0.07495643854738243
1246,0.8946728843161678
1247,0.29518192151028855
1248,0.9561449542784555
1249,0.08906342060282456
1250,0.10301807090846822
1251,0.4196516511698465
1252,0.04692284848050135
1253,0.9698218368747411
1254,0.9472688613278615
1255,0.27209352761768996
1256,0.9880978236112665
1257,0.15705864272005277
1258,0.07175233970824549
1259,0.3090957219331498
1260,0.9504816549859986
1261,0.1790529874779607
1262,0.06242992746322773
1263,0.9798601884372496
1264,0.08434704164035597
1265,0.13816572596808957
1266,0.9675577395409418
1267,0.9320789045818277
1268,0.2284791416765765
1269,0.08756657929506559
1270,0.17985790957778247
1271,0.5448333621117867
1272,0.0888009675988263
1273,0.08754065129100524
1274,0.4781659483986958
1275,0.42805243819889593
1276,0.12473334504258234
1277,0.9343226308470016
1278,0.112161545368162
1279,0.09360991201907748
1280,0.08069119322355177
1281,0.07616131287610622
1282,0.4043751093237211
1283,0.974827190742384
1284,0.6642933048141669
1285,0.12928548845785565
1286,0.15208391287782538
1287,0.9678107211865552
1288,0.0869189283336479
1289,0.9808609397108249
1290,0.1061810532289914
1291,0.08908844903304246
1292,0.9656740239500621
1293,0.04945749192234974
1294,0.9601772460628338
1295,0.19978651689952623
1296,0.4653942102542079
1297,0.43618661985841795
1298,0.07588066743034225
1299,0.154257555970703
1300,0.7380451660151026
1301,0.7975062315373289
1302,0.7701967965137003
1303,0.9678378393857338
1304,0.48420798572113366
1305,0.08891905955450156
1306,0.9457397666330583
1307,0.07034061745982294
1308,0.08891905955450155
1309,0.9364716737111641
